,source,author,title,description,url,urlToImage,publishedAt,content
count,98,93,98,97,98,89,98,98
unique,57,84,95,94,98,85,,89
top,"{'id': 'the-times-of-india', 'name': 'The Times of India'}",feedfeeder,A government worker's message for Elon Musk,"Welcome back to our Sunday Spotlight series, where we unveil the vibrant world of Etsy quilting patterns created by talented artisans. Today, we’re thrilled to present a pattern that radiates warmth and charm, perfect for brightening up any space.
Prepare … R…",https://economictimes.indiatimes.com/news/international/world-news/netanyahu-says-with-us-support-we-can-finish-the-job-against-iran/articleshow/118306146.cms,https://bl-i.thgim.com/public/incoming/he70m5/article69226981.ece/alternates/LANDSCAPE_1200/IMG_BL28_Oman_airlines_2_1_3VCRPABJ.jpg,,"Artificial Intelligence(AI)
AI and Analytics based Business Strategy
By - Tanusree De, Managing Director- Accenture Technology Lead, Trustworthy AI Center of Excellence: ATCI
View Program"
freq,8,2,2,2,1,2,,7
mean,,,,,,,2025-02-16 14:36:28.479591936+00:00,
min,,,,,,,2025-02-16 14:00:59+00:00,
25%,,,,,,,2025-02-16 14:19:01+00:00,
50%,,,,,,,2025-02-16 14:35:28.500000+00:00,
75%,,,,,,,2025-02-16 14:57:06.500000+00:00,
max,,,,,,,2025-02-16 15:05:30+00:00,
