description,count
Oyuncular için üretilen bilgisayar aksesuarlarında en üst düzey kalite standartları kullanılırken iş ve genel amaçlı kullanım söz konusu olunca kaliteden ödün verilir ama Monster şimdi yeni Pusat Business Serisi Kablosuz Mouse’ları ile bu algıyı kırmaya geliy…,2
"Sanofi’nin sağlık sektöründe katma değer yaratacak yenilikçi fikirlerin gelişimine destek olmak için Endeavor ile birlikte hayata geçirdiği Girişimcilik Programı PharmUp’ın 6. dönem başvuruları başladı.
Türkiye’nin girişimcilik alanındaki köklü kurumlarından…",1
"Türkiye Rüzgar Enerjisi Birliği Başkanı İbrahim Erden, yeni YEKA ihaleleri proje sahalarına ilişkin ön bilgilerin ekim, kasım aylarını beklemeden nisan veya haziran döneminde verilebileceğini kaydederek, “Sahaların nerede olduğu belli. Kapasiteleri ve daha so…",1
"Tek yumurta ikizleri üzerinde yapılan karşılaştırmalı deneyler, bilim insanlarına çok ilginç veriler sunuyor. İngiltere'de yaşayan 36 yaşındaki ikizler Hugo ve Ross da gönüllü olarak böyle bir deneyin parçası oldu. 12 hafta boyunca birbirine çok zıt iki besle…",1
"İtalya'daki parça tedarikçilerinin alanındaki uzmanlığı, premium üreticilerle çalışması ve kısa teslimat süreleri nedeniyle BYD'nin radarında olduğu ifade ediliyor.",1
"WhatsApp durum güncellemelerinin, Instagram ve Facebook üzerinde paylaşılabileceğini geçtiğimiz haftalarda sizlere aktarmıştık. Meta şimdi de WhatsApp'ta kullanıcıların sosyal medya hesaplarını mesajlaşma uygulamasındaki profillerine bağlamalarına izin verece…",1
"ABD Başkanı Donald Trump’ın finansal paya sahip olduğu yeni kripto platformu World Liberty Financial (WLF), Bitcoin, Ethereum ve diğer kripto paraları güçlendirecek şekilde tasarlanmış stratejik bir token rezervi duyurdu.",1
"Dünya genelinde Ocak ayında, geçtiğimiz senenin aynı ayına göre %18 artışla 1,3 milyon elektrikli araç satışı gerçekleşti. Çin'de artış hızı yavaşlarken, dünyanın geri kalanında güçlü büyüme yaşandı.",1
"Operasyon ekiplerinin müşterilerine daha iyi ve hızlı hizmet vermesi için her gün yeni bir adım atan Vodafone Business, proaktif inovasyonu olan üretken yapay zekâ destekli bilgi bankası üzerinde çalışan TechBot’u hayata geçirdiğini duyurdu. TechBot’la müşter…",1
"Güney Kore'de bilim insanları, kanserin oluşum sürecini tersine çevirebilecek bir moleküler anahtar keşfetti. Tek hücreli RNA dizilemesi ve gen ağı modellemeleri kullanarak yapılan çalışmada, normal hücrelerin kansere dönüşmeden hemen önce kritik bir geçiş sü…",1
