title,count
Sanofi PharmUp Girişimcilik Programı’nın 6. Dönemi için Başvurular Başladı! [Sponsorlu İçerik],1
Türk savunma sanayisi yoğun katılımla IDEX ve NAVDEX 2025'te boy gösterecek,1
"Tek yumurta ikizlerinin çılgın deneyi! 12 hafta boyunca biri karbonhidrat öbürü yağ tüketmedi, sonuç ne oldu? 'Kendimi hiç iyi hissetmedim, sürekli açtım'",1
"BYD, Türkiye ve Macaristan fabrikaları için İtalyan tedarikçilerle görüşecek",1
"WhatsApp kullanıcıları, sosyal medya hesaplarını profillerine bağlayabilecek",1
Trump ailesinden kripto dünyasında yeni yatırım hamlesi,1
Monster Pusat İş Dünyasına Taşınıyor,1
"Ocak'ta küresel elektrikli araç satışları %18 arttı: Çin yavaşladı, ABD ve Avrupa hızlandı",1
Sorun çözme hızı yüzde 30 artacak,1
Bilim insanları kanseri tersine çevirmek için gizli bir moleküler anahtarı keşfetti,1
